<?xml version="1.0" encoding="UTF-8"?>
<!DOCTYPE mapper 
	PUBLIC "-//mybatis.org//DTD Mapper 3.0//EN"
	"http://mybatis.org/dtd/mybatis-3-mapper.dtd" >
<mapper namespace="com.koreacb.kais.mapper">

	<select id="select" parameterType="java.util.LinkedHashMap" resultType="java.util.LinkedHashMap" fetchSize="10000">
		${executeSql}
	</select>
	
	<insert id="insert" parameterType="java.util.LinkedHashMap">
		${executeSql}
	</insert>
	
	<update id="update" parameterType="java.util.LinkedHashMap">
		${executeSql}
	</update>
	
	<delete id="delete" parameterType="java.util.LinkedHashMap">
		${executeSql}
	</delete>
	
	<insert id="insertDsetTable" parameterType="java.util.HashMap">
		INSERT INTO ${DSET_TABLE} (SCOL_DATASET_ID,SCOL_LOADING_ID,SCOL_RECORD_ID , SCOL_RANDOM_NO, SCOL_ERR_YN, SCOL_LOADING_DATA , SCOL_ORIGNAL_DATA) 
		VALUES (#{SCOL_DATASET_ID},#{SCOL_LOADING_ID}, #{SCOL_RECORD_ID} , #{SCOL_RANDOM_NO} , #{SCOL_ERR_YN} , #{SCOL_LOADING_DATA} ,#{SCOL_ORIGNAL_DATA})
	</insert>	

	<insert id="insertDsetTableWithFilter" parameterType="java.util.HashMap">
		INSERT INTO ${DSET_TABLE}
		(SCOL_DATASET_ID,SCOL_LOADING_ID,SCOL_RECORD_ID , SCOL_RANDOM_NO, SCOL_ERR_YN, SCOL_LOADING_DATA , SCOL_ORIGNAL_DATA ${FILTERING_COLUMN})
		VALUES
		(#{SCOL_DATASET_ID},#{SCOL_LOADING_ID}, #{SCOL_RECORD_ID} , #{SCOL_RANDOM_NO} , #{SCOL_ERR_YN} , #{SCOL_LOADING_DATA} ,#{SCOL_ORIGNAL_DATA} ${FILTERING_VALUE})
	</insert>	

	<insert id="insertTestData" parameterType="java.util.HashMap">
		INSERT INTO DATA_TEST (COL1,COL2,COL3,DATA1,DATA2,DATA3,DATA4) 
		VALUES (#{DS1},#{DS2},#{DS3},#{DS4},#{DS5},#{DS6},RAND()*100)
	</insert>	
	
	<select id="selectDsetTableTotalCount" parameterType="java.util.LinkedHashMap" resultType="java.util.LinkedHashMap">
		SELECT COUNT(*) AS COUNT 
		FROM ${DAT_LDN_TABL_ID} 
		WHERE	SCOL_DATASET_ID = #{DAT_SET_ID} 
		AND SCOL_ERR_YN = 'N'
	</select>
	
	<select id="selectDsetTableErrorCount" parameterType="java.util.LinkedHashMap" resultType="java.util.LinkedHashMap">
		SELECT COUNT(*) AS COUNT 
		FROM ${DAT_LDN_TABL_ID} 
		WHERE	SCOL_DATASET_ID = #{DAT_SET_ID} 
		AND SCOL_ERR_YN = 'Y'
	</select>

	<select id="selectRuleResultTableTotalCount" parameterType="java.util.LinkedHashMap" resultType="java.util.LinkedHashMap">
		SELECT COUNT(*) AS COUNT 
		FROM RULE_RESULT 
		WHERE	SCOL_DATASET_ID = #{DAT_SET_ID}
		AND  	SCOL_LOADING_ID = #{WK_EXE_ID} 
		AND     SCOL_ERR_YN = 'N'
	</select>
	
	<select id="selectRuleResultTableErrorCount" parameterType="java.util.LinkedHashMap" resultType="java.util.LinkedHashMap">
		SELECT COUNT(*) AS COUNT 
		FROM RULE_RESULT 
		WHERE	SCOL_DATASET_ID = #{DAT_SET_ID}
		AND 	SCOL_LOADING_ID = #{WK_EXE_ID} 
		AND     SCOL_ERR_YN = 'Y'
	</select>


	<select id="selectDsetTableList" parameterType="java.util.LinkedHashMap" resultType="java.util.LinkedHashMap">
			SELECT 		UPPER(A.TABLE_CATALOG)	AS TBL_SHEMA
					,	UPPER(A.TABLE_NAME) 	AS TBL_NAME
					, 	A.SQL		AS SQL
					, 	A.ROW_COUNT_ESTIMATE	AS TBL_ROWS 
			FROM 	information_schema.TABLES A
			WHERE	TABLE_CATALOG = DATABASE()
		<if test=' DSET_TABLE != null and !DSET_TABLE.equals("")'>
			AND		A.TABLE_NAME 	= #{ DSET_TABLE		, jdbcType=VARCHAR}
		</if>
			ORDER BY TBL_SHEMA, TBL_NAME
	</select>

	<select id="selectRuleResultTableList" parameterType="java.util.LinkedHashMap" resultType="java.util.LinkedHashMap">
			SELECT 		UPPER(A.TABLE_CATALOG)	AS TBL_SHEMA
					,	UPPER(A.TABLE_NAME) 	AS TBL_NAME
					, 	A.SQL		AS SQL
					, 	A.ROW_COUNT_ESTIMATE	AS TBL_ROWS 
			FROM 	information_schema.TABLES A
			WHERE	TABLE_CATALOG = DATABASE()
		<if test=' RULE_RESULT_TABLE != null and !RULE_RESULT_TABLE.equals("")'>
			AND		A.TABLE_NAME 	= #{ DSET_TABLE		, jdbcType=VARCHAR}
		</if>
			ORDER BY TBL_SHEMA, TBL_NAME
	</select>


	
	<select id="selectDsetTableLayout" parameterType="java.util.LinkedHashMap" resultType="java.util.LinkedHashMap">
			SELECT 		UPPER(A.TABLE_SCHEMA)	AS TBL_SHEMA
					,	UPPER(A.TABLE_NAME) 	AS TBL_NAME
					-- , 	A.TABLE_COMMENT 		AS TBL_DESC
					,	B.ORDINAL_POSITION 		AS COL_SEQ 
					,	UPPER(B.COLUMN_NAME) 	AS COL_NAME
					-- , 	B.COLUMN_COMMENT		AS COL_DESC
					-- , 	(CASE 	WHEN COLUMN_KEY = 'PRI' THEN 'PK' WHEN LENGTH(COLUMN_KEY)>0 THEN 'IX' ELSE '' END) AS COL_IDX
					, 	UPPER(B.COLUMN_TYPE)	AS COL_TYPE
					, 	UPPER(B.DATA_TYPE)		AS COL_TP
					, 	(CASE 	WHEN IS_NULLABLE = 'NO' THEN 'N' ELSE '' END) AS COL_NUL
					, 	(CASE WHEN COLUMN_DEFAULT IS NULL OR COLUMN_DEFAULT = 'NULL' THEN '' ELSE COLUMN_DEFAULT END) AS COL_DEF
					, 	(CASE 	WHEN UPPER(B.DATA_TYPE) IN ('LONGTEXT','DATETIME') THEN '' 
								WHEN CHARACTER_MAXIMUM_LENGTH IS NOT NULL	THEN CONCAT('',CHARACTER_MAXIMUM_LENGTH)
								ELSE CONCAT(CONCAT('',IFNULL(NUMERIC_PRECISION,'')), (CASE WHEN NUMERIC_SCALE &gt; 0 THEN CONCAT(', ', NUMERIC_SCALE) ELSE '' END)) 
						 END) AS COL_LEN 
			FROM 	information_schema.TABLES A, information_schema.COLUMNS B
			WHERE	A.TABLE_SCHEMA 	= B.TABLE_SCHEMA
			AND		A.TABLE_NAME 	= B.TABLE_NAME
			-- AND		A.TABLE_SCHEMA	= DATABASE()
		<if test=' DSET_TABLE != null and !DSET_TABLE.equals("")'>
			AND		A.TABLE_NAME 	= #{ DSET_TABLE		, jdbcType=VARCHAR}
		</if>		
			ORDER BY TBL_SHEMA, TBL_NAME, COL_SEQ
	</select>
	
	
	<insert id="createDsetTable" parameterType="java.util.HashMap">
			CREATE TABLE ${ DSET_TABLE } (
					SCOL_DATASET_ID 	VARCHAR(12) 			NOT NULL
				,	SCOL_LOADING_ID 	VARCHAR(15) 			NOT NULL 	
				,	SCOL_RECORD_ID		BIGINT(20) 	UNSIGNED 	NOT NULL
				,	SCOL_RANDOM_NO 		INT(7) 		NULL 		DEFAULT NULL
				,	SCOL_ERR_YN 		VARCHAR(1)	NOT NULL 	DEFAULT 'N'
				,	SCOL_LOADING_DTM	DATETIME 	NULL 		DEFAULT CURRENT_TIMESTAMP
				,	SCOL_LOADING_DATA	LONGTEXT 	NULL 		DEFAULT NULL
				,	SCOL_ORIGNAL_DATA	LONGTEXT 	NULL 		DEFAULT NULL
		<if test=' DSET_COLDEFINE != null and !DSET_COLDEFINE.equals("")'>
				,	${DSET_COLDEFINE}
		</if>		
				,	PRIMARY KEY (SCOL_DATASET_ID, SCOL_LOADING_ID, SCOL_RECORD_ID)
			)
	</insert>
	
	<delete id="dropDsetTable" parameterType="java.util.LinkedHashMap">
			DROP TABLE IF EXISTS ${ DSET_TABLE }
	</delete>
	
	<delete id="truncDsetTable" parameterType="java.util.HashMap">
			TRUNCATE TABLE ${ DSET_TABLE }
	</delete>
	
	<!-- 
	데이터 로딩을 실행하기 위한 SQL로, 실제로는 JDBC의 rs.next()를 사용하므로,
	getMappedStatement + getBoundSql 을 사용함
	그래서, #{} 방식은 사용할 수 없음.
	#{}를 사용하게 될경우, ? 로 치환이 되어, ?를 처리 하는 로직을 개발해서 사용해야 함.
	 -->
	<select id="selectDsetLoading" parameterType="java.util.LinkedHashMap" resultType="java.util.LinkedHashMap" fetchSize="1000">
			SELECT 	*
			FROM 	${DSET_TABLE}
			WHERE   SCOL_ERR_YN = 'N'
			${DSET_WSQL}
	</select>
	<!-- 
	데이터 로딩을 실행하기 위한 SQL로, 실제로는 JDBC의 rs.next()를 사용하므로,
	getMappedStatement + getBoundSql 을 사용함
	그래서, #{} 방식은 사용할 수 없음.
	#{}를 사용하게 될경우, ? 로 치환이 되어, ?를 처리 하는 로직을 개발해서 사용해야 함.
	 -->
	<select id="selectDsetWkExeLoading" parameterType="java.util.LinkedHashMap" resultType="java.util.LinkedHashMap" fetchSize="1000">
			SELECT 	*
			FROM 	${DSET_TABLE}
			WHERE   SCOL_ERR_YN = 'N'
			AND SCOL_LOADING_ID = '${WK_EXE_ID}'
			${DSET_WSQL}
	</select>


	<select id="selectRuleResultDATA" parameterType="java.util.LinkedHashMap" resultType="java.util.LinkedHashMap" fetchSize="1000">
			SELECT 	SCOL_DATASET_ID, SCOL_LOADING_ID, SCOL_RECORD_ID, SCOL_RANDOM_NO, SCOL_LOADING_DATA, SCOL_RESULT_DATA
			FROM 	${RULE_RESULT_TABLE}
			WHERE	SCOL_DATASET_ID = #{DSET_ID}
			AND     SCOL_LOADING_ID = #{LOADING_ID}
			AND     SCOL_RECORD_ID  = #{RECORD_ID}
		<include refid="pagingLimit"/>	
	</select>

	<select id="selectDsetDATA" parameterType="java.util.LinkedHashMap" resultType="java.util.LinkedHashMap" fetchSize="1000">
			SELECT 	SCOL_DATASET_ID, SCOL_LOADING_ID, SCOL_RECORD_ID, SCOL_RANDOM_NO, SCOL_LOADING_DATA
			FROM 	${DSET_TABLE}
			WHERE	SCOL_DATASET_ID = #{DSET_ID}
			<if test='WK_EXE_ID != null'>
				AND SCOL_LOADING_ID = #{WK_EXE_ID}
			</if>
			${DSET_WSQL}
		<include refid="pagingLimit"/>	
	</select>

	<select id="selectDsetDATAByPrimaryKey" parameterType="java.util.LinkedHashMap" resultType="java.util.LinkedHashMap">
			SELECT 	SCOL_DATASET_ID, SCOL_LOADING_ID, SCOL_RECORD_ID, SCOL_RANDOM_NO, SCOL_LOADING_DATA
			FROM 	${DSET_TABLE}
			WHERE	SCOL_DATASET_ID = #{DSET_ID}
			AND     SCOL_LOADING_ID = #{LOADING_ID}
			AND     SCOL_RECORD_ID  = #{RECORD_ID}
	</select>

	
	<sql id="pagingLimit">
		<if test='rowPerPage != null and !rowPerPage.equals("")'>
			LIMIT ${rowPerPage} 
			<if test='rowStartPage != null and !rowStartPage.equals("")'>
				OFFSET ${rowStartPage} 
			</if>
		</if>
	</sql>
			
</mapper>
