<?xml version="1.0" encoding="UTF-8"?>
<!DOCTYPE mapper 
	PUBLIC "-//mybatis.org//DTD Mapper 3.0//EN"
	"http://mybatis.org/dtd/mybatis-3-mapper.dtd" >
<mapper namespace="com.koreacb.kais.mapper">

	<insert id="saveStatus" parameterType="java.util.HashMap">
		MERGE INTO WRK_STATUS(
		  DAT_SET_ID
		, WK_EXE_ID
		, STATUS
		, W_TOT
		, W_ERR
		, TOT
		, ERR
		, W_DT
		, W_SEC   )
		KEY(DAT_SET_ID,WK_EXE_ID)
		VALUES(
		    #{DAT_SET_ID}
		   ,#{WK_EXE_ID}
		   ,#{STATUS}
		   ,#{WTOTAL}
		   ,#{WERROR}
		   ,#{TOTAL}
		   ,#{ERROR}
		   ,CURRENT_TIMESTAMP
		   ,#{W_SEC}
		)
	</insert>	
	
	<insert id="updateResult" parameterType="java.util.HashMap">
		UPDATE WRK_STATUS
		SET RESULT = #{RESULT} , W_SEC = #{W_SEC} , W_DT = CURRENT_TIMESTAMP
		WHERE DAT_SET_ID = #{DAT_SET_ID} 
		AND   WK_EXE_ID = #{WK_EXE_ID} 
	</insert>
	
	<insert id="updateStatus" parameterType="java.util.HashMap">
		UPDATE WRK_STATUS
		SET STATUS = #{STATUS} , W_SEC = #{W_SEC} , W_DT = CURRENT_TIMESTAMP
		WHERE DAT_SET_ID = #{DAT_SET_ID} 
		AND   WK_EXE_ID = #{WK_EXE_ID} 
	</insert>

	<insert id="updateStatusAndCount" parameterType="java.util.HashMap">
		UPDATE WRK_STATUS
		SET STATUS = #{STATUS} , W_SEC = #{W_SEC} , W_DT = CURRENT_TIMESTAMP
		, W_TOT = #{WTOTAL}
		, W_ERR = #{WERROR}
		WHERE DAT_SET_ID = #{DAT_SET_ID} 
		AND   WK_EXE_ID = #{WK_EXE_ID} 
	</insert>


	<insert id="insertAnalysisItem" parameterType="java.util.HashMap">
		MERGE INTO RULE_ITEM_RESULT(
		  DAT_SET_ID
		, WK_EXE_ID
		, ITEM_ID
		, TOT
		, ERR
		, W_DT   )
		KEY(DAT_SET_ID,WK_EXE_ID,ITEM_ID)
		VALUES(
		    #{DAT_SET_ID}
		   ,#{WK_EXE_ID}
		   ,#{ITEM_ID}
		   ,#{TOT}
		   ,#{ERR}
		   ,CURRENT_TIMESTAMP
		)
	</insert>	


	<insert id="insertAnalysisBS" parameterType="java.util.HashMap">
		INSERT INTO ANALYSIS_BS  (DAT_SET_ID, WK_EXE_ID, DAT_LDN_TABLE_ID, COND, RESULT) 
		VALUES (#{DAT_SET_ID},#{WK_EXE_ID}, #{DAT_LDN_TABLE_ID} , #{COND} , #{RESULT})
	</insert>	

	<insert id="insertAnalysisDM" parameterType="java.util.HashMap">
		INSERT INTO ANALYSIS_DM  (DAT_SET_ID, WK_EXE_ID, DAT_LDN_TABLE_ID, COND, RESULT) 
		VALUES (#{DAT_SET_ID},#{WK_EXE_ID}, #{DAT_LDN_TABLE_ID} , #{COND} , #{RESULT})
	</insert>	


	<insert id="insertResultTable" parameterType="java.util.HashMap">
		INSERT INTO RULE_RESULT (SCOL_DATASET_ID
		                       , SCOL_LOADING_ID
		                       , SCOL_RECORD_ID 
		                       , SCOL_RANDOM_NO
		                       , SCOL_ERR_YN
		                       , SCOL_LOADING_DATA 
		                       , SCOL_RESULT_DATA 
		                       , SCOL_RULE_ERR_YN 
		                       , SCOL_ORIGNAL_DATA
		                       , SCOL_PERF_VAL
		                       , KOUT_CODE
		                       , RESULT_OUTPUT
		                       , RESULT_SCORE) 
		VALUES ( #{DAT_SET_ID}
		       , #{WK_EXE_ID}
		       , #{SCOL_RECORD_ID} 
		       , #{SCOL_RANDOM_NO} 
		       , #{SCOL_ERR_YN} 
		       , #{SCOL_LOADING_DATA} 
		       , #{SCOL_RESULT_DATA} 
		       , #{SCOL_RULE_ERR_YN} 
		       , #{SCOL_ORIGNAL_DATA}
		       , #{SCOL_PERF_VAL}
		       , #{KOUT_CODE}
		       , #{RESULT_OUTPUT}
		       , #{RESULT_SCORE} )
	</insert>	

	<select id="selectResultTable" parameterType="java.util.LinkedHashMap" resultMap="kaisResultMap">
		SELECT SCOL_RESULT_DATA
		FROM   RULE_RESULT
		WHERE SCOL_DATASET_ID = #{DAT_SET_ID} 
		AND   SCOL_LOADING_ID = #{WK_EXE_ID}
		LIMIT 0,1 
	</select>	
	
	<resultMap id="kaisResultMap" type="hashMap">
		<result property="SCOL_RESULT_DATA" column="SCOL_RESULT_DATA" jdbcType="CLOB" javaType="java.lang.String" />
	</resultMap>
			
</mapper>
