<?xml version="1.0" encoding="utf-8"?>
<Configuration monitorInterval="60">
	<Properties>
		<Property name="logNm">logtest</Property>
		<Property name="layoutPattern">%d [%t] %-5level %c(%M:%L) - %m%n</Property>
	    <Property name="log-path">logs</Property>
	    <Property name="archive">${log-path}/archive</Property>
	</Properties>
    <Appenders>
	    <Console name="Console-Appender" target="SYSTEM_OUT">
	    	<JsonLayout></JsonLayout>
	    </Console>
	    <Console name="console" target="SYSTEM_OUT">
			<PatternLayout pattern="${layoutPattern}" />
		</Console>
    </Appenders>
    <loggers>
<!-- 
		<logger name="guru.springframework.blog.log4j2xml" level="debug" additivity="false">
			<appenderref ref="File-Appender" level="error"/>
			<appenderref ref="RollingFile-Appender" level="debug"/>
			<appenderref ref="Console-Appender" level="info"/>
		</logger>
 		<logger name="org.springframework" level="info" additivity="false">
			<appenderref ref="Console-Appender" level="info"/>
		</logger>
		<root level="debug">
            <appenderref ref="Console-Appender">
 	        </appenderref>
 	    </root>
 -->
		<!-- 기본 레벨은 debug -->
		<Root level="debug" additivity="false" >
		 <AppenderRef ref="console" />
		</Root>

		<!-- 스프링 프레임워크에서 찍는건 level을 info로 설정 -->
		<logger name="org.springframework" level="info" additivity="false" >
			<AppenderRef ref="console" />
		</logger>
		
		<!-- 다른 기본 패키지도 설정 제어 가능하다. -->
		<logger name="org.apache" level="info" additivity="false" >
			<AppenderRef ref="console" />
		</logger>

		<logger name="jdbc" level="OFF"/>
		
		<logger name="jdbc.sqlonly" level="OFF"/>
		<logger name="jdbc.sqltiming" level="DEBUG"/>
		<logger name="jdbc.audit" level="OFF"/>
		<logger name="jdbc.resultset" level="OFF"/>
		<logger name="jdbc.resultsettable" level="DEBUG"/>
		<logger name="jdbc.connection" level="OFF"/>
		
		<!-- rolling file에는 debug, console에는 info 분리하여 처리 가능하다. -->
		<logger name="kcb" additivity="false" >
		 <AppenderRef ref="console" level="info" />
		</logger>
    </loggers>
</Configuration>